<?xml version="1.0" encoding="UTF-8"?>

<mule xmlns:apikit="http://www.mulesoft.org/schema/mule/apikit" xmlns:http="http://www.mulesoft.org/schema/mule/http" xmlns="http://www.mulesoft.org/schema/mule/core" xmlns:doc="http://www.mulesoft.org/schema/mule/documentation"
	xmlns:spring="http://www.springframework.org/schema/beans" 
	xmlns:xsi="http://www.w3.org/2001/XMLSchema-instance"
	xsi:schemaLocation="http://www.springframework.org/schema/beans http://www.springframework.org/schema/beans/spring-beans-current.xsd
http://www.mulesoft.org/schema/mule/core http://www.mulesoft.org/schema/mule/core/current/mule.xsd
http://www.mulesoft.org/schema/mule/http http://www.mulesoft.org/schema/mule/http/current/mule-http.xsd
http://www.mulesoft.org/schema/mule/apikit http://www.mulesoft.org/schema/mule/apikit/current/mule-apikit.xsd">
    <flow name="weather-rest-service-main-flow">
        <http:listener config-ref="HTTP_Listener_Configuration" path="/api/*" allowedMethods="GET,POST" doc:name="HTTP"/>
        <apikit:router config-ref="api-config" doc:name="APIkit Router"/>
        <exception-strategy ref="rest-api-exception-strategy" doc:name="Reference Exception Strategy"/>
    </flow>
    <flow name="get:/countries/{country}/cities:api-config">
        <flow-ref name="get:/countries/{country}/cities-flow" doc:name="get cities by country"/>
    </flow>
    <flow name="post:/countries/{country}/cities:api-config">
        <flow-ref name="post:/countries/{country}/cities-flow" doc:name="post city"/>
    </flow>
    <flow name="get:/weather:api-config">
        <flow-ref name="get:/weather-flow" doc:name="get weather"/>
    </flow>
    
   
</mule>
