<metadata__catalog__entry>
  <version>5.2.0.0</version>
  <types class="tree-map">
    <entry>
      <org.mule.common.metadata.DefaultMetaDataKey>
        <id>GetCitiesByCountry</id>
        <displayName>GetCitiesByCountry</displayName>
        <category>DEFAULT</category>
        <metaDataKeyPropertiesManager>
          <properties>
            <org.mule.common.metadata.key.property.dsql.DsqlFromMetaDataKeyProperty/>
          </properties>
        </metaDataKeyPropertiesManager>
      </org.mule.common.metadata.DefaultMetaDataKey>
      <org.mule.common.metadata.DefaultXmlMetaDataModel>
        <dataType>XML</dataType>
        <metaDataModelPropertiesManager>
          <properties>
            <org.mule.common.metadata.property.TextBasedExampleMetaDataModelProperty/>
            <org.mule.common.metadata.property.xml.SchemaTypeMetaDataProperty/>
            <org.mule.common.metadata.property.StructureIdentifierMetaDataModelProperty>
              <metaDataKey class="org.mule.common.metadata.DefaultMetaDataKey" reference="../../../../../org.mule.common.metadata.DefaultMetaDataKey"/>
              <derivedStructure>false</derivedStructure>
              <generatedStructure>false</generatedStructure>
            </org.mule.common.metadata.property.StructureIdentifierMetaDataModelProperty>
          </properties>
        </metaDataModelPropertiesManager>
        <fields>
          <org.mule.common.metadata.DefaultMetaDataField>
            <name>ns0:CountryName</name>
            <model class="org.mule.common.metadata.DefaultSimpleMetaDataModel">
              <dataType>STRING</dataType>
              <metaDataModelPropertiesManager>
                <properties>
                  <org.mule.common.metadata.property.xml.SchemaTypeMetaDataProperty>
                    <typeQName>
                      <namespaceURI>http://www.w3.org/2001/XMLSchema</namespaceURI>
                      <localPart>string</localPart>
                      <prefix></prefix>
                    </typeQName>
                  </org.mule.common.metadata.property.xml.SchemaTypeMetaDataProperty>
                </properties>
              </metaDataModelPropertiesManager>
            </model>
            <accessType>READ_WRITE</accessType>
            <metaDataFieldPropertyManager>
              <properties>
                <org.mule.common.metadata.property.QNameMetaDataProperty>
                  <name>
                    <namespaceURI>http://www.webserviceX.NET</namespaceURI>
                    <localPart>CountryName</localPart>
                    <prefix>ns0</prefix>
                  </name>
                </org.mule.common.metadata.property.QNameMetaDataProperty>
              </properties>
            </metaDataFieldPropertyManager>
          </org.mule.common.metadata.DefaultMetaDataField>
        </fields>
        <rootElement>
          <namespaceURI>http://www.webserviceX.NET</namespaceURI>
          <localPart>GetCitiesByCountry</localPart>
          <prefix>ns0</prefix>
        </rootElement>
        <schemas class="org.mule.common.metadata.StringBasedSchemaProvider">
          <schemas>
            <string>&lt;?xml version=&quot;1.0&quot; encoding=&quot;UTF-8&quot;?&gt;&lt;s:schema xmlns:s=&quot;http://www.w3.org/2001/XMLSchema&quot; xmlns:http=&quot;http://schemas.xmlsoap.org/wsdl/http/&quot; xmlns:mime=&quot;http://schemas.xmlsoap.org/wsdl/mime/&quot; xmlns:soap=&quot;http://schemas.xmlsoap.org/wsdl/soap/&quot; xmlns:soap12=&quot;http://schemas.xmlsoap.org/wsdl/soap12/&quot; xmlns:soapenc=&quot;http://schemas.xmlsoap.org/soap/encoding/&quot; xmlns:tm=&quot;http://microsoft.com/wsdl/mime/textMatching/&quot; xmlns:tns=&quot;http://www.webserviceX.NET&quot; xmlns:wsdl=&quot;http://schemas.xmlsoap.org/wsdl/&quot; elementFormDefault=&quot;qualified&quot;&gt;&#xd;
    	&lt;s:import namespace=&quot;http://www.webserviceX.NET&quot; schemaLocation=&quot;file:/C:/Users/patry/OneDrive/Mule-ESB/Workspaces/Sages/mule-szkolenie-6b/src/main/resources/wsdl/schema/weather.xsd&quot;/&gt;&#xd;
    &lt;/s:schema&gt;</string>
          </schemas>
          <encoding>windows-1252</encoding>
          <baseUri>file:/C:/Users/patry/OneDrive/Mule-ESB/Workspaces/Sages/mule-szkolenie-6b/src/main/resources/wsdl/weather.wsdl</baseUri>
        </schemas>
        <namespaceManager>
          <namespacePrefix class="tree-map">
            <entry>
              <string>http://www.webserviceX.NET</string>
              <string>ns0</string>
            </entry>
          </namespacePrefix>
        </namespaceManager>
      </org.mule.common.metadata.DefaultXmlMetaDataModel>
    </entry>
    <entry>
      <org.mule.common.metadata.DefaultMetaDataKey>
        <id>GetCitiesByCountryResponse</id>
        <displayName>GetCitiesByCountryResponse</displayName>
        <category>DEFAULT</category>
        <metaDataKeyPropertiesManager>
          <properties>
            <org.mule.common.metadata.key.property.dsql.DsqlFromMetaDataKeyProperty/>
          </properties>
        </metaDataKeyPropertiesManager>
      </org.mule.common.metadata.DefaultMetaDataKey>
      <org.mule.common.metadata.DefaultXmlMetaDataModel>
        <dataType>XML</dataType>
        <metaDataModelPropertiesManager>
          <properties>
            <org.mule.common.metadata.property.TextBasedExampleMetaDataModelProperty/>
            <org.mule.common.metadata.property.xml.SchemaTypeMetaDataProperty/>
            <org.mule.common.metadata.property.StructureIdentifierMetaDataModelProperty>
              <metaDataKey class="org.mule.common.metadata.DefaultMetaDataKey" reference="../../../../../org.mule.common.metadata.DefaultMetaDataKey"/>
              <derivedStructure>false</derivedStructure>
              <generatedStructure>false</generatedStructure>
            </org.mule.common.metadata.property.StructureIdentifierMetaDataModelProperty>
          </properties>
        </metaDataModelPropertiesManager>
        <fields>
          <org.mule.common.metadata.DefaultMetaDataField>
            <name>ns0:GetCitiesByCountryResult</name>
            <model class="org.mule.common.metadata.DefaultSimpleMetaDataModel">
              <dataType>STRING</dataType>
              <metaDataModelPropertiesManager>
                <properties>
                  <org.mule.common.metadata.property.xml.SchemaTypeMetaDataProperty>
                    <typeQName reference="../../../../../../../../../entry/org.mule.common.metadata.DefaultXmlMetaDataModel/fields/org.mule.common.metadata.DefaultMetaDataField/model/metaDataModelPropertiesManager/properties/org.mule.common.metadata.property.xml.SchemaTypeMetaDataProperty/typeQName"/>
                  </org.mule.common.metadata.property.xml.SchemaTypeMetaDataProperty>
                </properties>
              </metaDataModelPropertiesManager>
            </model>
            <accessType>READ_WRITE</accessType>
            <metaDataFieldPropertyManager>
              <properties>
                <org.mule.common.metadata.property.QNameMetaDataProperty>
                  <name>
                    <namespaceURI>http://www.webserviceX.NET</namespaceURI>
                    <localPart>GetCitiesByCountryResult</localPart>
                    <prefix>ns0</prefix>
                  </name>
                </org.mule.common.metadata.property.QNameMetaDataProperty>
              </properties>
            </metaDataFieldPropertyManager>
          </org.mule.common.metadata.DefaultMetaDataField>
        </fields>
        <rootElement>
          <namespaceURI>http://www.webserviceX.NET</namespaceURI>
          <localPart>GetCitiesByCountryResponse</localPart>
          <prefix>ns0</prefix>
        </rootElement>
        <schemas class="org.mule.common.metadata.StringBasedSchemaProvider">
          <schemas>
            <string>&lt;?xml version=&quot;1.0&quot; encoding=&quot;UTF-8&quot;?&gt;&lt;s:schema xmlns:s=&quot;http://www.w3.org/2001/XMLSchema&quot; xmlns:http=&quot;http://schemas.xmlsoap.org/wsdl/http/&quot; xmlns:mime=&quot;http://schemas.xmlsoap.org/wsdl/mime/&quot; xmlns:soap=&quot;http://schemas.xmlsoap.org/wsdl/soap/&quot; xmlns:soap12=&quot;http://schemas.xmlsoap.org/wsdl/soap12/&quot; xmlns:soapenc=&quot;http://schemas.xmlsoap.org/soap/encoding/&quot; xmlns:tm=&quot;http://microsoft.com/wsdl/mime/textMatching/&quot; xmlns:tns=&quot;http://www.webserviceX.NET&quot; xmlns:wsdl=&quot;http://schemas.xmlsoap.org/wsdl/&quot; elementFormDefault=&quot;qualified&quot;&gt;&#xd;
    	&lt;s:import namespace=&quot;http://www.webserviceX.NET&quot; schemaLocation=&quot;file:/C:/Users/patry/OneDrive/Mule-ESB/Workspaces/Sages/mule-szkolenie-6b/src/main/resources/wsdl/schema/weather.xsd&quot;/&gt;&#xd;
    &lt;/s:schema&gt;</string>
          </schemas>
          <encoding reference="../../../../entry/org.mule.common.metadata.DefaultXmlMetaDataModel/schemas/encoding"/>
          <baseUri>file:/C:/Users/patry/OneDrive/Mule-ESB/Workspaces/Sages/mule-szkolenie-6b/src/main/resources/wsdl/weather.wsdl</baseUri>
        </schemas>
        <namespaceManager>
          <namespacePrefix class="tree-map">
            <entry>
              <string>http://www.webserviceX.NET</string>
              <string>ns0</string>
            </entry>
          </namespacePrefix>
        </namespaceManager>
      </org.mule.common.metadata.DefaultXmlMetaDataModel>
    </entry>
    <entry>
      <org.mule.common.metadata.DefaultMetaDataKey>
        <id>GetWeather</id>
        <displayName>GetWeather</displayName>
        <category>DEFAULT</category>
        <metaDataKeyPropertiesManager>
          <properties>
            <org.mule.common.metadata.key.property.dsql.DsqlFromMetaDataKeyProperty/>
          </properties>
        </metaDataKeyPropertiesManager>
      </org.mule.common.metadata.DefaultMetaDataKey>
      <org.mule.common.metadata.DefaultXmlMetaDataModel>
        <dataType>XML</dataType>
        <metaDataModelPropertiesManager>
          <properties>
            <org.mule.common.metadata.property.TextBasedExampleMetaDataModelProperty/>
            <org.mule.common.metadata.property.xml.SchemaTypeMetaDataProperty/>
            <org.mule.common.metadata.property.StructureIdentifierMetaDataModelProperty>
              <metaDataKey class="org.mule.common.metadata.DefaultMetaDataKey" reference="../../../../../org.mule.common.metadata.DefaultMetaDataKey"/>
              <derivedStructure>false</derivedStructure>
              <generatedStructure>false</generatedStructure>
            </org.mule.common.metadata.property.StructureIdentifierMetaDataModelProperty>
          </properties>
        </metaDataModelPropertiesManager>
        <fields>
          <org.mule.common.metadata.DefaultMetaDataField>
            <name>ns0:CityName</name>
            <model class="org.mule.common.metadata.DefaultSimpleMetaDataModel">
              <dataType>STRING</dataType>
              <metaDataModelPropertiesManager>
                <properties>
                  <org.mule.common.metadata.property.xml.SchemaTypeMetaDataProperty>
                    <typeQName reference="../../../../../../../../../entry/org.mule.common.metadata.DefaultXmlMetaDataModel/fields/org.mule.common.metadata.DefaultMetaDataField/model/metaDataModelPropertiesManager/properties/org.mule.common.metadata.property.xml.SchemaTypeMetaDataProperty/typeQName"/>
                  </org.mule.common.metadata.property.xml.SchemaTypeMetaDataProperty>
                </properties>
              </metaDataModelPropertiesManager>
            </model>
            <accessType>READ_WRITE</accessType>
            <metaDataFieldPropertyManager>
              <properties>
                <org.mule.common.metadata.property.QNameMetaDataProperty>
                  <name>
                    <namespaceURI>http://www.webserviceX.NET</namespaceURI>
                    <localPart>CityName</localPart>
                    <prefix>ns0</prefix>
                  </name>
                </org.mule.common.metadata.property.QNameMetaDataProperty>
              </properties>
            </metaDataFieldPropertyManager>
          </org.mule.common.metadata.DefaultMetaDataField>
          <org.mule.common.metadata.DefaultMetaDataField>
            <name>ns0:CountryName</name>
            <model class="org.mule.common.metadata.DefaultSimpleMetaDataModel">
              <dataType>STRING</dataType>
              <metaDataModelPropertiesManager>
                <properties>
                  <org.mule.common.metadata.property.xml.SchemaTypeMetaDataProperty>
                    <typeQName reference="../../../../../../../../../entry/org.mule.common.metadata.DefaultXmlMetaDataModel/fields/org.mule.common.metadata.DefaultMetaDataField/model/metaDataModelPropertiesManager/properties/org.mule.common.metadata.property.xml.SchemaTypeMetaDataProperty/typeQName"/>
                  </org.mule.common.metadata.property.xml.SchemaTypeMetaDataProperty>
                </properties>
              </metaDataModelPropertiesManager>
            </model>
            <accessType>READ_WRITE</accessType>
            <metaDataFieldPropertyManager>
              <properties>
                <org.mule.common.metadata.property.QNameMetaDataProperty>
                  <name>
                    <namespaceURI>http://www.webserviceX.NET</namespaceURI>
                    <localPart>CountryName</localPart>
                    <prefix>ns0</prefix>
                  </name>
                </org.mule.common.metadata.property.QNameMetaDataProperty>
              </properties>
            </metaDataFieldPropertyManager>
          </org.mule.common.metadata.DefaultMetaDataField>
        </fields>
        <rootElement>
          <namespaceURI>http://www.webserviceX.NET</namespaceURI>
          <localPart>GetWeather</localPart>
          <prefix>ns0</prefix>
        </rootElement>
        <schemas class="org.mule.common.metadata.StringBasedSchemaProvider">
          <schemas>
            <string>&lt;?xml version=&quot;1.0&quot; encoding=&quot;UTF-8&quot;?&gt;&lt;s:schema xmlns:s=&quot;http://www.w3.org/2001/XMLSchema&quot; xmlns:http=&quot;http://schemas.xmlsoap.org/wsdl/http/&quot; xmlns:mime=&quot;http://schemas.xmlsoap.org/wsdl/mime/&quot; xmlns:soap=&quot;http://schemas.xmlsoap.org/wsdl/soap/&quot; xmlns:soap12=&quot;http://schemas.xmlsoap.org/wsdl/soap12/&quot; xmlns:soapenc=&quot;http://schemas.xmlsoap.org/soap/encoding/&quot; xmlns:tm=&quot;http://microsoft.com/wsdl/mime/textMatching/&quot; xmlns:tns=&quot;http://www.webserviceX.NET&quot; xmlns:wsdl=&quot;http://schemas.xmlsoap.org/wsdl/&quot; elementFormDefault=&quot;qualified&quot;&gt;&#xd;
    	&lt;s:import namespace=&quot;http://www.webserviceX.NET&quot; schemaLocation=&quot;file:/C:/Users/patry/OneDrive/Mule-ESB/Workspaces/Sages/mule-szkolenie-6b/src/main/resources/wsdl/schema/weather.xsd&quot;/&gt;&#xd;
    &lt;/s:schema&gt;</string>
          </schemas>
          <encoding reference="../../../../entry/org.mule.common.metadata.DefaultXmlMetaDataModel/schemas/encoding"/>
          <baseUri>file:/C:/Users/patry/OneDrive/Mule-ESB/Workspaces/Sages/mule-szkolenie-6b/src/main/resources/wsdl/weather.wsdl</baseUri>
        </schemas>
        <namespaceManager>
          <namespacePrefix class="tree-map">
            <entry>
              <string>http://www.webserviceX.NET</string>
              <string>ns0</string>
            </entry>
          </namespacePrefix>
        </namespaceManager>
      </org.mule.common.metadata.DefaultXmlMetaDataModel>
    </entry>
    <entry>
      <org.mule.common.metadata.DefaultMetaDataKey>
        <id>GetWeatherResponse</id>
        <displayName>GetWeatherResponse</displayName>
        <category>DEFAULT</category>
        <metaDataKeyPropertiesManager>
          <properties>
            <org.mule.common.metadata.key.property.dsql.DsqlFromMetaDataKeyProperty/>
          </properties>
        </metaDataKeyPropertiesManager>
      </org.mule.common.metadata.DefaultMetaDataKey>
      <org.mule.common.metadata.DefaultXmlMetaDataModel>
        <dataType>XML</dataType>
        <metaDataModelPropertiesManager>
          <properties>
            <org.mule.common.metadata.property.TextBasedExampleMetaDataModelProperty/>
            <org.mule.common.metadata.property.xml.SchemaTypeMetaDataProperty/>
            <org.mule.common.metadata.property.StructureIdentifierMetaDataModelProperty>
              <metaDataKey class="org.mule.common.metadata.DefaultMetaDataKey" reference="../../../../../org.mule.common.metadata.DefaultMetaDataKey"/>
              <derivedStructure>false</derivedStructure>
              <generatedStructure>false</generatedStructure>
            </org.mule.common.metadata.property.StructureIdentifierMetaDataModelProperty>
          </properties>
        </metaDataModelPropertiesManager>
        <fields>
          <org.mule.common.metadata.DefaultMetaDataField>
            <name>ns0:GetWeatherResult</name>
            <model class="org.mule.common.metadata.DefaultSimpleMetaDataModel">
              <dataType>STRING</dataType>
              <metaDataModelPropertiesManager>
                <properties>
                  <org.mule.common.metadata.property.xml.SchemaTypeMetaDataProperty>
                    <typeQName reference="../../../../../../../../../entry/org.mule.common.metadata.DefaultXmlMetaDataModel/fields/org.mule.common.metadata.DefaultMetaDataField/model/metaDataModelPropertiesManager/properties/org.mule.common.metadata.property.xml.SchemaTypeMetaDataProperty/typeQName"/>
                  </org.mule.common.metadata.property.xml.SchemaTypeMetaDataProperty>
                </properties>
              </metaDataModelPropertiesManager>
            </model>
            <accessType>READ_WRITE</accessType>
            <metaDataFieldPropertyManager>
              <properties>
                <org.mule.common.metadata.property.QNameMetaDataProperty>
                  <name>
                    <namespaceURI>http://www.webserviceX.NET</namespaceURI>
                    <localPart>GetWeatherResult</localPart>
                    <prefix>ns0</prefix>
                  </name>
                </org.mule.common.metadata.property.QNameMetaDataProperty>
              </properties>
            </metaDataFieldPropertyManager>
          </org.mule.common.metadata.DefaultMetaDataField>
        </fields>
        <rootElement>
          <namespaceURI>http://www.webserviceX.NET</namespaceURI>
          <localPart>GetWeatherResponse</localPart>
          <prefix>ns0</prefix>
        </rootElement>
        <schemas class="org.mule.common.metadata.StringBasedSchemaProvider">
          <schemas>
            <string>&lt;?xml version=&quot;1.0&quot; encoding=&quot;UTF-8&quot;?&gt;&lt;s:schema xmlns:s=&quot;http://www.w3.org/2001/XMLSchema&quot; xmlns:http=&quot;http://schemas.xmlsoap.org/wsdl/http/&quot; xmlns:mime=&quot;http://schemas.xmlsoap.org/wsdl/mime/&quot; xmlns:soap=&quot;http://schemas.xmlsoap.org/wsdl/soap/&quot; xmlns:soap12=&quot;http://schemas.xmlsoap.org/wsdl/soap12/&quot; xmlns:soapenc=&quot;http://schemas.xmlsoap.org/soap/encoding/&quot; xmlns:tm=&quot;http://microsoft.com/wsdl/mime/textMatching/&quot; xmlns:tns=&quot;http://www.webserviceX.NET&quot; xmlns:wsdl=&quot;http://schemas.xmlsoap.org/wsdl/&quot; elementFormDefault=&quot;qualified&quot;&gt;&#xd;
    	&lt;s:import namespace=&quot;http://www.webserviceX.NET&quot; schemaLocation=&quot;file:/C:/Users/patry/OneDrive/Mule-ESB/Workspaces/Sages/mule-szkolenie-6b/src/main/resources/wsdl/schema/weather.xsd&quot;/&gt;&#xd;
    &lt;/s:schema&gt;</string>
          </schemas>
          <encoding reference="../../../../entry/org.mule.common.metadata.DefaultXmlMetaDataModel/schemas/encoding"/>
          <baseUri>file:/C:/Users/patry/OneDrive/Mule-ESB/Workspaces/Sages/mule-szkolenie-6b/src/main/resources/wsdl/weather.wsdl</baseUri>
        </schemas>
        <namespaceManager>
          <namespacePrefix class="tree-map">
            <entry>
              <string>http://www.webserviceX.NET</string>
              <string>ns0</string>
            </entry>
          </namespacePrefix>
        </namespaceManager>
      </org.mule.common.metadata.DefaultXmlMetaDataModel>
    </entry>
  </types>
  <connectorName>Web_Service_Consumer</connectorName>
</metadata__catalog__entry>