<?xml version="1.0" encoding="UTF-8"?>

<mule xmlns:json="http://www.mulesoft.org/schema/mule/json" xmlns:jms="http://www.mulesoft.org/schema/mule/jms" xmlns="http://www.mulesoft.org/schema/mule/core" xmlns:doc="http://www.mulesoft.org/schema/mule/documentation"
	xmlns:spring="http://www.springframework.org/schema/beans" 
	xmlns:xsi="http://www.w3.org/2001/XMLSchema-instance"
	xsi:schemaLocation="http://www.springframework.org/schema/beans http://www.springframework.org/schema/beans/spring-beans-current.xsd
http://www.mulesoft.org/schema/mule/core http://www.mulesoft.org/schema/mule/core/current/mule.xsd
http://www.mulesoft.org/schema/mule/jms http://www.mulesoft.org/schema/mule/jms/current/mule-jms.xsd
http://www.mulesoft.org/schema/mule/json http://www.mulesoft.org/schema/mule/json/current/mule-json.xsd">
    <jms:activemq-connector name="Active_MQ" brokerURL="tcp://localhost:61616" validateConnections="true" doc:name="Active MQ"/>
    <flow name="database-system-1">
        <jms:inbound-endpoint queue="USECASE.PROVIDER.Q1.IN" connector-ref="Active_MQ" doc:name="JMS"/>
        <json:json-to-object-transformer returnClass="java.util.HashMap" doc:name="JSON to Object"/>
        <logger message="aaaaaaaaaaaa #[payload]" level="INFO" doc:name="Logger"/>
        <expression-component doc:name="Expression"><![CDATA[payload.put("StatusMessage","Przetworzono w systemie domenowym");]]></expression-component>
        <logger message="bbbbbbbbbbbbbb   #[payload]" level="INFO" doc:name="Logger"/>
        <object-to-string-transformer doc:name="Object to String"/>
    </flow>
</mule>
