<metadata__catalog__entry>
  <version>5.2.0.0</version>
  <types class="tree-map">
    <entry>
      <org.mule.common.metadata.DefaultMetaDataKey>
        <id>GET:/weather/countries/{country}/cities/{city}_response</id>
        <displayName>GET:/weather/countries/{country}/cities/{city}_response</displayName>
        <category>DEFAULT</category>
        <metaDataKeyPropertiesManager>
          <properties>
            <org.mule.common.metadata.key.property.dsql.DsqlFromMetaDataKeyProperty/>
          </properties>
        </metaDataKeyPropertiesManager>
      </org.mule.common.metadata.DefaultMetaDataKey>
      <org.mule.common.metadata.DefaultStructuredMetadataModel>
        <dataType>JSON</dataType>
        <metaDataModelPropertiesManager>
          <properties>
            <org.mule.common.metadata.property.StructureIdentifierMetaDataModelProperty>
              <metaDataKey class="org.mule.common.metadata.DefaultMetaDataKey">
                <id>GET:/weather/countries/{country}/cities/{city}_response</id>
                <displayName>GET:/weather/countries/{country}/cities/{city}_response</displayName>
                <category>DEFAULT</category>
                <metaDataKeyPropertiesManager>
                  <properties>
                    <org.mule.common.metadata.key.property.dsql.DsqlFromMetaDataKeyProperty/>
                  </properties>
                </metaDataKeyPropertiesManager>
              </metaDataKey>
              <derivedStructure>false</derivedStructure>
              <generatedStructure>false</generatedStructure>
            </org.mule.common.metadata.property.StructureIdentifierMetaDataModelProperty>
          </properties>
        </metaDataModelPropertiesManager>
        <fields>
          <org.mule.common.metadata.DefaultMetaDataField>
            <name>date</name>
            <model class="org.mule.common.metadata.DefaultSimpleMetaDataModel">
              <dataType>STRING</dataType>
              <metaDataModelPropertiesManager>
                <properties/>
              </metaDataModelPropertiesManager>
            </model>
            <accessType>READ_WRITE</accessType>
            <metaDataFieldPropertyManager>
              <properties>
                <org.mule.common.metadata.field.property.dsql.DsqlSelectMetaDataFieldProperty/>
                <org.mule.common.metadata.field.property.dsql.DsqlWhereMetaDataFieldProperty/>
                <org.mule.common.metadata.field.property.dsql.DsqlOrderMetaDataFieldProperty/>
                <org.mule.common.metadata.field.property.dsql.DsqlQueryOperatorsMetaDataFieldProperty>
                  <supportedOperators>
                    <org.mule.common.query.expression.LessOperator/>
                    <org.mule.common.query.expression.LessOrEqualsOperator/>
                    <org.mule.common.query.expression.EqualsOperator/>
                    <org.mule.common.query.expression.GreaterOperator/>
                    <org.mule.common.query.expression.GreaterOrEqualsOperator/>
                    <org.mule.common.query.expression.NotEqualsOperator/>
                    <org.mule.common.query.expression.LikeOperator/>
                  </supportedOperators>
                </org.mule.common.metadata.field.property.dsql.DsqlQueryOperatorsMetaDataFieldProperty>
              </properties>
            </metaDataFieldPropertyManager>
          </org.mule.common.metadata.DefaultMetaDataField>
          <org.mule.common.metadata.DefaultMetaDataField>
            <name>temperature</name>
            <model class="org.mule.common.metadata.DefaultSimpleMetaDataModel">
              <dataType>NUMBER</dataType>
              <metaDataModelPropertiesManager>
                <properties/>
              </metaDataModelPropertiesManager>
            </model>
            <accessType>READ_WRITE</accessType>
            <metaDataFieldPropertyManager>
              <properties>
                <org.mule.common.metadata.field.property.dsql.DsqlSelectMetaDataFieldProperty/>
                <org.mule.common.metadata.field.property.dsql.DsqlWhereMetaDataFieldProperty/>
                <org.mule.common.metadata.field.property.dsql.DsqlOrderMetaDataFieldProperty/>
                <org.mule.common.metadata.field.property.dsql.DsqlQueryOperatorsMetaDataFieldProperty>
                  <supportedOperators>
                    <org.mule.common.query.expression.LessOperator/>
                    <org.mule.common.query.expression.LessOrEqualsOperator/>
                    <org.mule.common.query.expression.EqualsOperator/>
                    <org.mule.common.query.expression.GreaterOperator/>
                    <org.mule.common.query.expression.GreaterOrEqualsOperator/>
                    <org.mule.common.query.expression.NotEqualsOperator/>
                  </supportedOperators>
                </org.mule.common.metadata.field.property.dsql.DsqlQueryOperatorsMetaDataFieldProperty>
              </properties>
            </metaDataFieldPropertyManager>
          </org.mule.common.metadata.DefaultMetaDataField>
        </fields>
      </org.mule.common.metadata.DefaultStructuredMetadataModel>
    </entry>
  </types>
  <connectorName>HTTP_Request_Configuration</connectorName>
</metadata__catalog__entry>